Id,X_coord,Y_coord
1,-2771.9,1821.6
2,-3127.8,1260.3
3,-2606.6,-494.95
4,-3127.8,1260.3
5,-3127.8,1260.3
6,-3127.8,1260.3
7,-3127.8,1260.3
8,-3127.8,1260.3
9,-3042,-2579.4
10,-2771.9,1821.6
11,-2771.9,1821.6
12,-3127.8,1260.3
13,-2510,1630
14,-3127.8,1260.3
15,-3127.8,1260.3
16,-3127.8,1260.3
17,-3127.8,1260.3
18,-2510,1630
19,-2025.5,607.73
20,-2054,-465.74
21,-3127.8,1260.3
22,-2771.9,1821.6
23,-3127.8,1260.3
24,-2510,1630
25,-3127.8,1260.3
26,-2546,264.38
27,-3127.8,1260.3
28,-3127.8,1260.3
29,-2771.9,1821.6
30,-2771.9,1821.6
31,-3127.8,1260.3
32,-3127.8,1260.3
33,-3042,-2579.4
34,-3127.8,1260.3
35,-3127.8,1260.3
36,-2546,264.38
37,-3127.8,1260.3
38,-2510,1630
39,-3127.8,1260.3
40,-3127.8,1260.3
41,-3127.8,1260.3
42,-3127.8,1260.3
43,-2784.1,-2113.5
44,-3127.8,1260.3
45,-3127.8,1260.3
46,-3127.8,1260.3
47,-2771.9,1821.6
48,-2510,1630
49,-3127.8,1260.3
50,-3127.8,1260.3
51,-3127.8,1260.3
52,-2510,1630
53,-2606.6,-494.95
54,-2054,-465.74
55,-2510,1630
56,-3127.8,1260.3
57,-2771.9,1821.6
58,-3127.8,1260.3
59,-2510,1630
60,-3127.8,1260.3
61,-2771.9,1821.6
62,-2771.9,1821.6
63,-2771.9,1821.6
64,-2784.1,-2113.5
65,-2546,264.38
66,-2771.9,1821.6
67,-2771.9,1821.6
68,-3127.8,1260.3
69,-2784.1,-2113.5
70,-2771.9,1821.6
71,-3042,-2579.4
72,-2054,-465.74
73,-2771.9,1821.6
74,-2771.9,1821.6
75,-3047.4,4610.5
76,-3127.8,1260.3
77,-2771.9,1821.6
78,-2771.9,1821.6
79,-3127.8,1260.3
80,-2771.9,1821.6
81,-2771.9,1821.6
82,-2784.1,-2113.5
83,-2606.6,-494.95
84,-3127.8,1260.3
85,-2510,1630
86,-2771.9,1821.6
87,-2771.9,1821.6
88,-2771.9,1821.6
89,-2510,1630
90,-2771.9,1821.6
91,-2784.1,-2113.5
92,-2771.9,1821.6
93,-3127.8,1260.3
94,-2025.5,607.73
95,-3127.8,1260.3
96,-2771.9,1821.6
97,-2510,1630
98,-2546,264.38
99,-2510,1630
100,-2771.9,1821.6
101,-2510,1630
102,-3127.8,1260.3
103,-2510,1630
104,-2054,-465.74
105,-2510,1630
106,-2771.9,1821.6
107,-2510,1630
108,-2771.9,1821.6
109,-2510,1630
110,-2510,1630
111,-2771.9,1821.6
112,-2771.9,1821.6
113,-2771.9,1821.6
114,-2795.2,-2462
115,-2771.9,1821.6
116,-3127.8,1260.3
117,-2771.9,1821.6
118,-2795.2,-2462
119,-2771.9,1821.6
120,-3127.8,1260.3
121,-2054,-465.74
122,-2054,-465.74
123,-3127.8,1260.3
124,-2771.9,1821.6
125,-2606.6,-494.95
126,-2606.6,-494.95
127,-2606.6,-494.95
128,-3127.8,1260.3
129,-2054,-465.74
130,-2546,264.38
131,-2606.6,-494.95
132,-2510,1630
133,-2510,1630
134,-2771.9,1821.6
135,-2546,264.38
136,-2510,1630
137,-3047.4,4610.5
138,-2771.9,1821.6
139,-2510,1630
140,-2771.9,1821.6
141,-2510,1630
142,-2771.9,1821.6
143,-3127.8,1260.3
144,-2546,264.38
145,-2771.9,1821.6
146,-2771.9,1821.6
147,-2771.9,1821.6
148,-2771.9,1821.6
149,-3127.8,1260.3
150,-2510,1630
151,-2510,1630
152,-2510,1630
153,-2510,1630
154,-3127.8,1260.3
155,-2771.9,1821.6
156,-2771.9,1821.6
157,-2546,264.38
158,-3127.8,1260.3
159,-2546,264.38
160,-2054,-465.74
161,-2784.1,-2113.5
162,-2510,1630
163,-3127.8,1260.3
164,-2795.2,-2462
165,-2795.2,-2462
166,-2771.9,1821.6
167,-2546,264.38
168,-2510,1630
169,-2795.2,-2462
170,-2510,1630
171,-2771.9,1821.6
172,-2771.9,1821.6
173,-2510,1630
174,-2510,1630
175,-2771.9,1821.6
176,-2771.9,1821.6
177,-2510,1630
178,-2510,1630
179,-2510,1630
180,-2546,264.38
181,-2795.2,-2462
182,-2771.9,1821.6
183,-2771.9,1821.6
184,-2054,-465.74
185,-2606.6,-494.95
186,-2606.6,-494.95
187,-2771.9,1821.6
188,-2606.6,-494.95
189,-2771.9,1821.6
190,-2510,1630
191,-2510,1630
192,-2771.9,1821.6
193,-2771.9,1821.6
194,-2546,264.38
195,-3127.8,1260.3
196,-2771.9,1821.6
197,-2510,1630
198,-2771.9,1821.6
199,-2771.9,1821.6
200,-2771.9,1821.6
201,-2771.9,1821.6
202,-2510,1630
203,-2795.2,-2462
204,-2771.9,1821.6
205,-2546,264.38
206,-2771.9,1821.6
207,-2771.9,1821.6
208,-2546,264.38
209,-3127.8,1260.3
210,-2510,1630
211,-2771.9,1821.6
212,-2771.9,1821.6
213,-2771.9,1821.6
214,-2771.9,1821.6
215,-2771.9,1821.6
216,-2771.9,1821.6
217,-2771.9,1821.6
218,-2784.1,-2113.5
219,-2510,1630
220,-2510,1630
221,-2771.9,1821.6
222,-2771.9,1821.6
223,-2771.9,1821.6
224,-1330.7,3069.9
225,-2771.9,1821.6
226,-2510,1630
227,-2771.9,1821.6
228,-2771.9,1821.6
229,-2771.9,1821.6
230,-2510,1630
231,-2606.6,-494.95
232,-2510,1630
233,-2510,1630
234,-2771.9,1821.6
235,-2510,1630
236,-2510,1630
237,-2771.9,1821.6
238,-2510,1630
239,-2510,1630
240,-2771.9,1821.6
241,-2771.9,1821.6
242,-2795.2,-2462
243,-2784.1,-2113.5
244,-2784.1,-2113.5
245,-2606.6,-494.95
246,-2941.8,-922.1
247,-2510,1630
248,-2771.9,1821.6
249,-2054,-465.74
250,-2771.9,1821.6
251,-2784.1,-2113.5
252,-2771.9,1821.6
253,-2510,1630
254,-2771.9,1821.6
255,-2771.9,1821.6
256,-2510,1630
257,-2771.9,1821.6
258,-2510,1630
259,-2795.2,-2462
260,-2795.2,-2462
261,-2771.9,1821.6
262,-2795.2,-2462
263,-2510,1630
264,-2771.9,1821.6
265,-2771.9,1821.6
266,-2510,1630
267,-3047.4,4610.5
268,-2771.9,1821.6
269,-2510,1630
270,-2510,1630
271,-2546,264.38
272,-2510,1630
273,-2510,1630
274,-2510,1630
275,-2546,264.38
276,-2054,-465.74
277,-2546,264.38
278,-2546,264.38
279,-2510,1630
280,-2546,264.38
281,-2771.9,1821.6
282,-2025.5,607.73
283,-2771.9,1821.6
284,-2771.9,1821.6
285,-2771.9,1821.6
286,-2771.9,1821.6
287,-2771.9,1821.6
288,-2771.9,1821.6
289,-2510,1630
290,-2510,1630
291,-2771.9,1821.6
292,-2510,1630
293,-2784.1,-2113.5
294,-3047.4,4610.5
295,-2771.9,1821.6
296,-2771.9,1821.6
297,-2510,1630
298,-2771.9,1821.6
299,-1330.7,3069.9
300,-2771.9,1821.6
301,-2510,1630
302,-2510,1630
303,-2510,1630
304,-2510,1630
305,-2510,1630
306,-2510,1630
307,-2510,1630
308,-2510,1630
309,-2510,1630
310,-2054,-465.74
311,-2054,-465.74
312,-2795.2,-2462
313,-2795.2,-2462
314,-1330.7,3069.9
315,-1571.1,2601.4
316,-2795.2,-2462
317,-1571.1,2601.4
318,-1330.7,3069.9
319,-1330.7,3069.9
320,-1571.1,2601.4
321,-3047.4,4610.5
322,-1330.7,3069.9
323,-2054,-465.74
324,-1330.7,3069.9
325,-1330.7,3069.9
326,-3047.4,4610.5
327,-1330.7,3069.9
328,-3042,-2579.4
329,-2771.9,1821.6
330,-2546,264.38
331,-1571.1,2601.4
332,-1330.7,3069.9
333,-3042,-2579.4
334,-2784.1,-2113.5
335,-2795.2,-2462
336,-3047.4,4610.5
337,-1330.7,3069.9
338,-2510,1630
339,-2784.1,-2113.5
340,-1330.7,3069.9
341,-2795.2,-2462
342,-2606.6,-494.95
343,-2795.2,-2462
344,-1707.5,-1928.9
345,-2054,-465.74
346,-2606.6,-494.95
347,-2510,1630
348,-2784.1,-2113.5
349,-2054,-465.74
350,-2054,-465.74
351,-3042,-2579.4
352,-1330.7,3069.9
353,-2795.2,-2462
354,-1707.5,-1928.9
355,-2784.1,-2113.5
356,-1330.7,3069.9
357,-2054,-465.74
358,-2054,-465.74
359,-1707.5,-1928.9
360,-957.71,2983.7
361,-2546,264.38
362,-2510,1630
363,-1707.5,-1928.9
364,-1707.5,-1928.9
365,-1523.1,-2754.1
366,-2546,264.38
367,-2546,264.38
368,-2546,264.38
369,-2771.9,1821.6
370,-2510,1630
371,-2510,1630
372,-1523.1,-2754.1
373,-2546,264.38
374,-2795.2,-2462
375,-1707.5,-1928.9
376,-2546,264.38
377,-2510,1630
378,-2054,-465.74
379,-2510,1630
380,-2054,-465.74
381,-2025.5,607.73
382,-1707.5,-1928.9
383,-1655.4,630.62
384,-2546,264.38
385,-2546,264.38
386,-1707.5,-1928.9
387,-2606.6,-494.95
388,-2546,264.38
389,-2546,264.38
390,-2025.5,607.73
391,-1330.7,3069.9
392,-2054,-465.74
393,-2546,264.38
394,-2025.5,607.73
395,-2546,264.38
396,-2025.5,607.73
397,-2054,-465.74
398,-2025.5,607.73
399,-2054,-465.74
400,-2025.5,607.73
401,-1330.7,3069.9
402,-1571.1,2601.4
403,-2025.5,607.73
404,-2546,264.38
405,-2025.5,607.73
406,-1330.7,3069.9
407,-1330.7,3069.9
408,-2546,264.38
409,-1330.7,3069.9
410,-1571.1,2601.4
411,-1571.1,2601.4
412,-1571.1,2601.4
413,-2054,-465.74
414,-1571.1,2601.4
415,-1330.7,3069.9
416,-2025.5,607.73
417,-2025.5,607.73
418,-1330.7,3069.9
419,-2546,264.38
420,-1571.1,2601.4
421,-2025.5,607.73
422,-957.71,2983.7
423,-1894.4,-1512.1
424,-1330.7,3069.9
425,-1571.1,2601.4
426,-1330.7,3069.9
427,-1330.7,3069.9
428,-1894.4,-1512.1
429,-1571.1,2601.4
430,-1330.7,3069.9
431,-1330.7,3069.9
432,-1330.7,3069.9
433,-1571.1,2601.4
434,-1571.1,2601.4
435,-2054,-465.74
436,-2510,1630
437,-1571.1,2601.4
438,-2510,1630
439,-2270.9,3650.4
440,-2510,1630
441,-1330.7,3069.9
442,-1571.1,2601.4
443,-1894.4,-1512.1
444,-1578.8,1671.6
445,-2054,-465.74
446,-2510,1630
447,-1571.1,2601.4
448,-1330.7,3069.9
449,-1330.7,3069.9
450,-2941.8,-922.1
451,-1655.4,630.62
452,-2025.5,607.73
453,-2054,-465.74
454,-2510,1630
455,-2025.5,607.73
456,-1188.2,1164.2
457,-2025.5,607.73
458,-1894.4,-1512.1
459,-2054,-465.74
460,-2941.8,-922.1
461,-1578.8,1671.6
462,-2546,264.38
463,-2054,-465.74
464,-2054,-465.74
465,-2025.5,607.73
466,-2025.5,607.73
467,-2025.5,607.73
468,-2025.5,607.73
469,-2054,-465.74
470,-1330.7,3069.9
471,-1571.1,2601.4
472,-1330.7,3069.9
473,-1571.1,2601.4
474,-2025.5,607.73
475,-2025.5,607.73
476,-1330.7,3069.9
477,-2025.5,607.73
478,-1330.7,3069.9
479,-1330.7,3069.9
480,-1330.7,3069.9
481,-1655.4,630.62
482,-1571.1,2601.4
483,-1571.1,2601.4
484,-1571.1,2601.4
485,-1571.1,2601.4
486,-1330.7,3069.9
487,-1571.1,2601.4
488,-2025.5,607.73
489,-2025.5,607.73
490,-1571.1,2601.4
491,-2054,-465.74
492,-1894.4,-1512.1
493,-1330.7,3069.9
494,-1571.1,2601.4
495,-1894.4,-1512.1
496,-1571.1,2601.4
497,-1571.1,2601.4
498,-2054,-465.74
499,-2941.8,-922.1
500,-2054,-465.74
501,-1655.4,630.62
502,-2510,1630
503,-1571.1,2601.4
504,-1571.1,2601.4
505,-1655.4,630.62
506,-2025.5,607.73
507,-1330.7,3069.9
508,-1571.1,2601.4
509,-2025.5,607.73
510,-1330.7,3069.9
511,-1655.4,630.62
512,-2510,1630
513,-1571.1,2601.4
514,-2941.8,-922.1
515,-1523.1,-2754.1
516,-1571.1,2601.4
517,-2054,-465.74
518,-1894.4,-1512.1
519,-2025.5,607.73
520,-1571.1,2601.4
521,-1571.1,2601.4
522,-1655.4,630.62
523,-2025.5,607.73
524,-1330.7,3069.9
525,-1571.1,2601.4
526,-2054,-465.74
527,-1571.1,2601.4
528,-1571.1,2601.4
529,-1571.1,2601.4
530,-1655.4,630.62
531,-2025.5,607.73
532,-1655.4,630.62
533,-2025.5,607.73
534,-1571.1,2601.4
535,-1571.1,2601.4
536,-1477.5,-794.79
537,-1707.5,-1928.9
538,-1571.1,2601.4
539,-1330.7,3069.9
540,-1571.1,2601.4
541,-1571.1,2601.4
542,-1571.1,2601.4
543,-1571.1,2601.4
544,-1330.7,3069.9
545,-1330.7,3069.9
546,-1330.7,3069.9
547,-1647.6,241.89
548,-1330.7,3069.9
549,-1571.1,2601.4
550,-1330.7,3069.9
551,-1330.7,3069.9
552,-1571.1,2601.4
553,-1707.5,-1928.9
554,-1330.7,3069.9
555,-2054,-465.74
556,-1330.7,3069.9
557,-1330.7,3069.9
558,-1571.1,2601.4
559,-2054,-465.74
560,-1707.5,-1928.9
561,-1571.1,2601.4
562,-1571.1,2601.4
563,-1655.4,630.62
564,-1571.1,2601.4
565,-1655.4,630.62
566,-1571.1,2601.4
567,-1330.7,3069.9
568,-1571.1,2601.4
569,-1571.1,2601.4
570,-959.94,-1092.6
571,-1571.1,2601.4
572,-2054,-465.74
573,-1571.1,2601.4
574,-1647.6,241.89
575,-1707.5,-1928.9
576,-1571.1,2601.4
577,-2941.8,-922.1
578,-1894.4,-1512.1
579,-1571.1,2601.4
580,-1571.1,2601.4
581,-1571.1,2601.4
582,-1523.1,-2754.1
583,-2054,-465.74
584,-1578.8,1671.6
585,-1571.1,2601.4
586,-1571.1,2601.4
587,-1578.8,1671.6
588,-1578.8,1671.6
589,-1571.1,2601.4
590,-1655.4,630.62
591,-1571.1,2601.4
592,-1655.4,630.62
593,-1655.4,630.62
594,-1571.1,2601.4
595,-1571.1,2601.4
596,-1571.1,2601.4
597,-1330.7,3069.9
598,-1571.1,2601.4
599,-2054,-465.74
600,-1571.1,2601.4
601,-1655.4,630.62
602,-1655.4,630.62
603,-1523.1,-2754.1
604,-2510,1630
605,-1655.4,630.62
606,-1571.1,2601.4
607,-1578.8,1671.6
608,-1578.8,1671.6
609,-1571.1,2601.4
610,-1707.5,-1928.9
611,-1330.7,3069.9
612,-1655.4,630.62
613,-1523.1,-2754.1
614,-2771.9,1821.6
615,-1707.5,-1928.9
616,-1330.7,3069.9
617,-1707.5,-1928.9
618,-1571.1,2601.4
619,-1707.5,-1928.9
620,-1571.1,2601.4
621,-846.24,1230.3
622,-1894.4,-1512.1
623,-1578.8,1671.6
624,-1571.1,2601.4
625,-1578.8,1671.6
626,-1571.1,2601.4
627,-1578.8,1671.6
628,-1578.8,1671.6
629,-1578.8,1671.6
630,-1578.8,1671.6
631,-1578.8,1671.6
632,-1655.4,630.62
633,-2054,-465.74
634,-1523.1,-2754.1
635,-2054,-465.74
636,-1330.7,3069.9
637,-2510,1630
638,-1647.6,241.89
639,-1578.8,1671.6
640,-1578.8,1671.6
641,-1655.4,630.62
642,-1330.7,3069.9
643,-1330.7,3069.9
644,-2054,-465.74
645,-1655.4,630.62
646,-1578.8,1671.6
647,-1578.8,1671.6
648,-1578.8,1671.6
649,-2054,-465.74
650,-1571.1,2601.4
651,-1571.1,2601.4
652,-1571.1,2601.4
653,-2054,-465.74
654,-1571.1,2601.4
655,-2510,1630
656,-1655.4,630.62
657,-1655.4,630.62
658,-1571.1,2601.4
659,-1571.1,2601.4
660,-1523.1,-2754.1
661,-2054,-465.74
662,-1578.8,1671.6
663,-1330.7,3069.9
664,-1571.1,2601.4
665,-1578.8,1671.6
666,-1571.1,2601.4
667,-1894.4,-1512.1
668,-1571.1,2601.4
669,-1578.8,1671.6
670,-1571.1,2601.4
671,-1571.1,2601.4
672,-1647.6,241.89
673,-2510,1630
674,-1571.1,2601.4
675,-1571.1,2601.4
676,-1571.1,2601.4
677,-1655.4,630.62
678,-1647.6,241.89
679,-1571.1,2601.4
680,-1578.8,1671.6
681,-1578.8,1671.6
682,-1578.8,1671.6
683,-1523.1,-2754.1
684,-1571.1,2601.4
685,-1571.1,2601.4
686,-1571.1,2601.4
687,-1330.7,3069.9
688,-1578.8,1671.6
689,-1894.4,-1512.1
690,-1578.8,1671.6
691,-1578.8,1671.6
692,-1523.1,-2754.1
693,-1578.8,1671.6
694,-1571.1,2601.4
695,-1571.1,2601.4
696,-2510,1630
697,-1578.8,1671.6
698,-1655.4,630.62
699,-1655.4,630.62
700,-1578.8,1671.6
701,-1571.1,2601.4
702,-1330.7,3069.9
703,-1578.8,1671.6
704,-2054,-465.74
705,-1571.1,2601.4
706,-1571.1,2601.4
707,-1330.7,3069.9
708,-2054,-465.74
709,-1571.1,2601.4
710,-1655.4,630.62
711,-1655.4,630.62
712,-1571.1,2601.4
713,-1571.1,2601.4
714,-1655.4,630.62
715,-1707.5,-1928.9
716,-1894.4,-1512.1
717,-1578.8,1671.6
718,-1578.8,1671.6
719,-1571.1,2601.4
720,-1655.4,630.62
721,-1571.1,2601.4
722,-1523.1,-2754.1
723,-1578.8,1671.6
724,-1894.4,-1512.1
725,-1655.4,630.62
726,-1894.4,-1512.1
727,-1571.1,2601.4
728,-1477.5,-794.79
729,-957.71,2983.7
730,-1523.1,-2754.1
731,-1523.1,-2754.1
732,-1655.4,630.62
733,-1578.8,1671.6
734,-1571.1,2601.4
735,-1578.8,1671.6
736,-1571.1,2601.4
737,-1894.4,-1512.1
738,-1571.1,2601.4
739,-1578.8,1671.6
740,-1571.1,2601.4
741,-1571.1,2601.4
742,-1578.8,1671.6
743,-1894.4,-1512.1
744,-1571.1,2601.4
745,-1578.8,1671.6
746,-1647.6,241.89
747,-1571.1,2601.4
748,-1655.4,630.62
749,-1523.1,-2754.1
750,-1571.1,2601.4
751,-1655.4,630.62
752,-1655.4,630.62
753,-1578.8,1671.6
754,-2054,-465.74
755,-1571.1,2601.4
756,-1655.4,630.62
757,-1571.1,2601.4
758,-2054,-465.74
759,-1523.1,-2754.1
760,-1655.4,630.62
761,-1578.8,1671.6
762,-1188.2,1164.2
763,-1571.1,2601.4
764,-1523.1,-2754.1
765,-1655.4,630.62
766,-2054,-465.74
767,-1571.1,2601.4
768,-1477.5,-794.79
769,-1647.6,241.89
770,-2054,-465.74
771,-1477.5,-794.79
772,-2054,-465.74
773,-1647.6,241.89
774,-1571.1,2601.4
775,-1188.2,1164.2
776,-1571.1,2601.4
777,-1578.8,1671.6
778,-1571.1,2601.4
779,-1894.4,-1512.1
780,-1477.5,-794.79
781,-1647.6,241.89
782,-1894.4,-1512.1
783,-1188.2,1164.2
784,-1523.1,-2754.1
785,-1894.4,-1512.1
786,-1578.8,1671.6
787,-1707.5,-1928.9
788,-1578.8,1671.6
789,-1571.1,2601.4
790,-1655.4,630.62
791,-1655.4,630.62
792,-1571.1,2601.4
793,-1571.1,2601.4
794,-1523.1,-2754.1
795,-1477.5,-794.79
796,-1578.8,1671.6
797,-1647.6,241.89
798,-1523.1,-2754.1
799,-1647.6,241.89
800,-1894.4,-1512.1
801,-1571.1,2601.4
802,-1578.8,1671.6
803,-1571.1,2601.4
804,-1571.1,2601.4
805,-1571.1,2601.4
806,-1523.1,-2754.1
807,-1571.1,2601.4
808,-1571.1,2601.4
809,-1523.1,-2754.1
810,-1707.5,-1928.9
811,-1571.1,2601.4
812,-1571.1,2601.4
813,-1894.4,-1512.1
814,-1523.1,-2754.1
815,-1330.7,3069.9
816,-1571.1,2601.4
817,-1578.8,1671.6
818,-1571.1,2601.4
819,-1571.1,2601.4
820,-1578.8,1671.6
821,-1571.1,2601.4
822,-1578.8,1671.6
823,-1571.1,2601.4
824,-1523.1,-2754.1
825,-1523.1,-2754.1
826,-1578.8,1671.6
827,-1655.4,630.62
828,-1571.1,2601.4
829,-1571.1,2601.4
830,-1655.4,630.62
831,-1523.1,-2754.1
832,-1655.4,630.62
833,-1188.2,1164.2
834,-1578.8,1671.6
835,-1523.1,-2754.1
836,-1578.8,1671.6
837,-1523.1,-2754.1
838,-1578.8,1671.6
839,-1523.1,-2754.1
840,-1571.1,2601.4
841,-1188.2,1164.2
842,-1655.4,630.62
843,-1571.1,2601.4
844,-1578.8,1671.6
845,-1571.1,2601.4
846,-1647.6,241.89
847,-1571.1,2601.4
848,-1571.1,2601.4
849,-1571.1,2601.4
850,-1571.1,2601.4
851,-1571.1,2601.4
852,-2054,-465.74
853,-1571.1,2601.4
854,-1523.1,-2754.1
855,-1655.4,630.62
856,-1523.1,-2754.1
857,-1571.1,2601.4
858,-1647.6,241.89
859,-1571.1,2601.4
860,-1647.6,241.89
861,-2054,-465.74
862,-1571.1,2601.4
863,-1647.6,241.89
864,-1894.4,-1512.1
865,-1477.5,-794.79
866,-1655.4,630.62
867,-1571.1,2601.4
868,-2941.8,-922.1
869,-1647.6,241.89
870,-1647.6,241.89
871,-1894.4,-1512.1
872,-1477.5,-794.79
873,-1571.1,2601.4
874,-1523.1,-2754.1
875,-1523.1,-2754.1
876,-1571.1,2601.4
877,-1655.4,630.62
878,-1571.1,2601.4
879,-1647.6,241.89
880,-1655.4,630.62
881,-1571.1,2601.4
882,-1571.1,2601.4
883,-1571.1,2601.4
884,-1571.1,2601.4
885,-1571.1,2601.4
886,-1477.5,-794.79
887,-1655.4,630.62
888,-1477.5,-794.79
889,-1477.5,-794.79
890,-1647.6,241.89
891,-1647.6,241.89
892,-1212.1,361.94
893,-1655.4,630.62
894,-1477.5,-794.79
895,-1655.4,630.62
896,-1647.6,241.89
897,-1523.1,-2754.1
898,-1655.4,630.62
899,-1647.6,241.89
900,-1647.6,241.89
901,-2054,-465.74
902,-1894.4,-1512.1
903,-1477.5,-794.79
904,-1212.1,361.94
905,-1188.2,1164.2
906,-1655.4,630.62
907,-1523.1,-2754.1
908,-1894.4,-1512.1
909,-1477.5,-794.79
910,-1571.1,2601.4
911,-1894.4,-1512.1
912,-1707.5,-1928.9
913,-1894.4,-1512.1
914,-1523.1,-2754.1
915,-1894.4,-1512.1
916,-1571.1,2601.4
917,-1523.1,-2754.1
918,-1571.1,2601.4
919,-1647.6,241.89
920,-1655.4,630.62
921,-1571.1,2601.4
922,-1571.1,2601.4
923,-1571.1,2601.4
924,-1655.4,630.62
925,-1655.4,630.62
926,-1571.1,2601.4
927,-1523.1,-2754.1
928,-1523.1,-2754.1
929,-1212.1,361.94
930,-1571.1,2601.4
931,-1655.4,630.62
932,-1571.1,2601.4
933,-1571.1,2601.4
934,-1578.8,1671.6
935,-1097.5,2654
936,-1707.5,-1928.9
937,-1707.5,-1928.9
938,-1571.1,2601.4
939,-1523.1,-2754.1
940,-1707.5,-1928.9
941,-1655.4,630.62
942,-1523.1,-2754.1
943,-1655.4,630.62
944,-957.71,2983.7
945,-1477.5,-794.79
946,-1523.1,-2754.1
947,-1477.5,-794.79
948,-1655.4,630.62
949,-1571.1,2601.4
950,-1212.1,361.94
951,-959.94,-1092.6
952,-1571.1,2601.4
953,-1212.1,361.94
954,-1571.1,2601.4
955,-1212.1,361.94
956,-1571.1,2601.4
957,-1212.1,361.94
958,-1571.1,2601.4
959,-1571.1,2601.4
960,-1655.4,630.62
961,-1212.1,361.94
962,-1212.1,361.94
963,-1212.1,361.94
964,-1655.4,630.62
965,-1571.1,2601.4
966,-2054,-465.74
967,-1212.1,361.94
968,-1523.1,-2754.1
969,-1212.1,361.94
970,-1571.1,2601.4
971,-1523.1,-2754.1
972,-1212.1,361.94
973,-1523.1,-2754.1
974,-1212.1,361.94
975,-1212.1,361.94
976,-1523.1,-2754.1
977,-2054,-465.74
978,-1571.1,2601.4
979,-959.94,-1092.6
980,-1523.1,-2754.1
981,-959.94,-1092.6
982,-1571.1,2601.4
983,-1188.2,1164.2
984,-1707.5,-1928.9
985,-1523.1,-2754.1
986,-1523.1,-2754.1
987,-1212.1,361.94
988,-1523.1,-2754.1
989,-1477.5,-794.79
990,-2054,-465.74
991,-1523.1,-2754.1
992,-959.94,-1092.6
993,-1647.6,241.89
994,-1212.1,361.94
995,-1212.1,361.94
996,-1212.1,361.94
997,-1212.1,361.94
998,-1212.1,361.94
999,-1212.1,361.94
1000,-959.94,-1092.6
1001,-846.24,1230.3
1002,-1655.4,630.62
1003,-959.94,-1092.6
1004,-1212.1,361.94
1005,-1212.1,361.94
1006,-1188.2,1164.2
1007,-1571.1,2601.4
1008,-1477.5,-794.79
1009,-2054,-465.74
1010,-959.94,-1092.6
1011,-959.94,-1092.6
1012,-959.94,-1092.6
1013,-1571.1,2601.4
1014,-1571.1,2601.4
1015,-1212.1,361.94
1016,-1212.1,361.94
1017,-2054,-465.74
1018,-1212.1,361.94
1019,-1097.5,2654
1020,-2054,-465.74
1021,-1212.1,361.94
1022,-1212.1,361.94
1023,-1523.1,-2754.1
1024,-1188.2,1164.2
1025,-1523.1,-2754.1
1026,-1212.1,361.94
1027,-1212.1,361.94
1028,-1523.1,-2754.1
1029,-1212.1,361.94
1030,-959.94,-1092.6
1031,-1212.1,361.94
1032,-959.94,-1092.6
1033,-2054,-465.74
1034,-1212.1,361.94
1035,-1212.1,361.94
1036,-959.94,-1092.6
1037,-1477.5,-794.79
1038,-1523.1,-2754.1
1039,-1655.4,630.62
1040,-1571.1,2601.4
1041,-1523.1,-2754.1
1042,-1212.1,361.94
1043,-1655.4,630.62
1044,-2054,-465.74
1045,-959.94,-1092.6
1046,-1188.2,1164.2
1047,-1477.5,-794.79
1048,-1097.5,2654
1049,-959.94,-1092.6
1050,-959.94,-1092.6
1051,-1477.5,-794.79
1052,-1188.2,1164.2
1053,-1097.5,2654
1054,-846.24,1230.3
1055,-1477.5,-794.79
1056,-959.94,-1092.6
1057,-1212.1,361.94
1058,-959.94,-1092.6
1059,-1188.2,1164.2
1060,-1212.1,361.94
1061,-1097.5,2654
1062,-2054,-465.74
1063,-1188.2,1164.2
1064,-959.94,-1092.6
1065,-1188.2,1164.2
1066,-1571.1,2601.4
1067,-959.94,-1092.6
1068,-1097.5,2654
1069,-1571.1,2601.4
1070,-959.94,-1092.6
1071,-1188.2,1164.2
1072,-810.45,2064.6
1073,-959.94,-1092.6
1074,-1188.2,1164.2
1075,-1523.1,-2754.1
1076,-959.94,-1092.6
1077,-846.24,1230.3
1078,-1097.5,2654
1079,-846.24,1230.3
1080,-846.24,1230.3
1081,-959.94,-1092.6
1082,-1188.2,1164.2
1083,-1571.1,2601.4
1084,-810.45,2064.6
1085,-1188.2,1164.2
1086,-1188.2,1164.2
1087,-959.94,-1092.6
1088,-1188.2,1164.2
1089,-810.45,2064.6
1090,-846.24,1230.3
1091,-846.24,1230.3
1092,-959.94,-1092.6
1093,-959.94,-1092.6
1094,-846.24,1230.3
1095,-846.24,1230.3
1096,-1188.2,1164.2
1097,-846.24,1230.3
1098,-1097.5,2654
1099,-846.24,1230.3
1100,-1097.5,2654
1101,-846.24,1230.3
1102,-957.71,2983.7
1103,-959.94,-1092.6
1104,-957.71,2983.7
1105,-959.94,-1092.6
1106,-810.45,2064.6
1107,-959.94,-1092.6
1108,-846.24,1230.3
1109,-959.94,-1092.6
1110,-959.94,-1092.6
1111,-1188.2,1164.2
1112,-1894.4,-1512.1
1113,-846.24,1230.3
1114,-810.45,2064.6
1115,-1894.4,-1512.1
1116,-695.08,446.91
1117,-959.94,-1092.6
1118,-959.94,-1092.6
1119,-957.71,2983.7
1120,-846.24,1230.3
1121,-695.08,446.91
1122,-695.08,446.91
1123,-846.24,1230.3
1124,-959.94,-1092.6
1125,-957.71,2983.7
1126,-810.45,2064.6
1127,-846.24,1230.3
1128,-846.24,1230.3
1129,-959.94,-1092.6
1130,-1523.1,-2754.1
1131,-959.94,-1092.6
1132,-846.24,1230.3
1133,-445.12,1250.2
1134,-846.24,1230.3
1135,-846.24,1230.3
1136,-959.94,-1092.6
1137,-959.94,-1092.6
1138,-1571.1,2601.4
1139,-846.24,1230.3
1140,-1571.1,2601.4
1141,-695.08,446.91
1142,-846.24,1230.3
1143,-1097.5,2654
1144,-846.24,1230.3
1145,-959.94,-1092.6
1146,-959.94,-1092.6
1147,-846.24,1230.3
1148,-959.94,-1092.6
1149,-846.24,1230.3
1150,-959.94,-1092.6
1151,-959.94,-1092.6
1152,-695.08,446.91
1153,-959.94,-1092.6
1154,-1523.1,-2754.1
1155,-846.24,1230.3
1156,-1097.5,2654
1157,-846.24,1230.3
1158,-810.45,2064.6
1159,-1097.5,2654
1160,-1894.4,-1512.1
1161,-810.45,2064.6
1162,-810.45,2064.6
1163,-810.45,2064.6
1164,-810.45,2064.6
1165,-959.94,-1092.6
1166,-959.94,-1092.6
1167,-810.45,2064.6
1168,-810.45,2064.6
1169,-1571.1,2601.4
1170,-810.45,2064.6
1171,-695.08,446.91
1172,-846.24,1230.3
1173,-959.94,-1092.6
1174,-810.45,2064.6
1175,-1571.1,2601.4
1176,-846.24,1230.3
1177,-2054,-465.74
1178,-695.08,446.91
1179,-2054,-465.74
1180,-1571.1,2601.4
1181,-810.45,2064.6
1182,-810.45,2064.6
1183,-695.08,446.91
1184,-810.45,2064.6
1185,-959.94,-1092.6
1186,-1523.1,-2754.1
1187,-445.12,1250.2
1188,-810.45,2064.6
1189,-846.24,1230.3
1190,-810.45,2064.6
1191,-1894.4,-1512.1
1192,-959.94,-1092.6
1193,-959.94,-1092.6
1194,-810.45,2064.6
1195,-695.08,446.91
1196,-846.24,1230.3
1197,-959.94,-1092.6
1198,-1523.1,-2754.1
1199,-1571.1,2601.4
1200,-810.45,2064.6
1201,-846.24,1230.3
1202,-959.94,-1092.6
1203,-846.24,1230.3
1204,-810.45,2064.6
1205,-695.08,446.91
1206,-810.45,2064.6
1207,-846.24,1230.3
1208,-846.24,1230.3
1209,-445.12,1250.2
1210,-810.45,2064.6
1211,-445.12,1250.2
1212,-1571.1,2601.4
1213,-695.08,446.91
1214,-959.94,-1092.6
1215,-1097.5,2654
1216,-2054,-465.74
1217,-846.24,1230.3
1218,-695.08,446.91
1219,-846.24,1230.3
1220,-810.45,2064.6
1221,-846.24,1230.3
1222,-959.94,-1092.6
1223,-846.24,1230.3
1224,-810.45,2064.6
1225,-445.12,1250.2
1226,-695.08,446.91
1227,-846.24,1230.3
1228,-810.45,2064.6
1229,-2054,-465.74
1230,-846.24,1230.3
1231,-846.24,1230.3
1232,-959.94,-1092.6
1233,-959.94,-1092.6
1234,-2054,-465.74
1235,-1212.1,361.94
1236,-1578.8,1671.6
1237,-846.24,1230.3
1238,-959.94,-1092.6
1239,-959.94,-1092.6
1240,-959.94,-1092.6
1241,-1571.1,2601.4
1242,-846.24,1230.3
1243,-1097.5,2654
1244,-959.94,-1092.6
1245,-1894.4,-1512.1
1246,-810.45,2064.6
1247,-810.45,2064.6
1248,-810.45,2064.6
1249,-810.45,2064.6
1250,-445.12,1250.2
1251,-846.24,1230.3
1252,-959.94,-1092.6
1253,-959.94,-1092.6
1254,-846.24,1230.3
1255,-846.24,1230.3
1256,-445.12,1250.2
1257,-445.12,1250.2
1258,-846.24,1230.3
1259,-959.94,-1092.6
1260,-695.08,446.91
1261,-846.24,1230.3
1262,-959.94,-1092.6
1263,-959.94,-1092.6
1264,-1894.4,-1512.1
1265,-959.94,-1092.6
1266,-445.12,1250.2
1267,-959.94,-1092.6
1268,-959.94,-1092.6
1269,-959.94,-1092.6
1270,-695.08,446.91
1271,-695.08,446.91
1272,-959.94,-1092.6
1273,-959.94,-1092.6
1274,-959.94,-1092.6
1275,-959.94,-1092.6
1276,-959.94,-1092.6
1277,-1894.4,-1512.1
1278,-846.24,1230.3
1279,-1097.5,2654
1280,-695.08,446.91
1281,-695.08,446.91
1282,-695.08,446.91
1283,-959.94,-1092.6
1284,-695.08,446.91
1285,-959.94,-1092.6
1286,-846.24,1230.3
1287,-695.08,446.91
1288,-445.12,1250.2
1289,-846.24,1230.3
1290,-695.08,446.91
1291,-445.12,1250.2
1292,-959.94,-1092.6
1293,-846.24,1230.3
1294,-695.08,446.91
1295,-959.94,-1092.6
1296,-445.12,1250.2
1297,-810.45,2064.6
1298,-810.45,2064.6
1299,-810.45,2064.6
1300,-445.12,1250.2
1301,-445.12,1250.2
1302,-959.94,-1092.6
1303,-810.45,2064.6
1304,-846.24,1230.3
1305,-2025.5,607.73
1306,-959.94,-1092.6
1307,-959.94,-1092.6
1308,-445.12,1250.2
1309,-445.12,1250.2
1310,-1188.2,1164.2
1311,-695.08,446.91
1312,-1188.2,1164.2
1313,-846.24,1230.3
1314,-959.94,-1092.6
1315,-695.08,446.91
1316,-2025.5,607.73
1317,-695.08,446.91
1318,-445.12,1250.2
1319,-846.24,1230.3
1320,-445.12,1250.2
1321,-445.12,1250.2
1322,-445.12,1250.2
1323,-445.12,1250.2
1324,-1894.4,-1512.1
1325,-959.94,-1092.6
1326,-695.08,446.91
1327,-445.12,1250.2
1328,-695.08,446.91
1329,-1571.1,2601.4
1330,-445.12,1250.2
1331,-695.08,446.91
1332,-959.94,-1092.6
1333,-1707.5,-1928.9
1334,-1571.1,2601.4
1335,-445.12,1250.2
1336,-1571.1,2601.4
1337,-2941.8,-922.1
1338,-445.12,1250.2
1339,843.9,766.83
1340,-695.08,446.91
1341,-445.12,1250.2
1342,-959.94,-1092.6
1343,-2941.8,-922.1
1344,-2025.5,607.73
1345,-695.08,446.91
1346,-959.94,-1092.6
1347,-445.12,1250.2
1348,-2941.8,-922.1
1349,-959.94,-1092.6
1350,-445.12,1250.2
1351,-1188.2,1164.2
1352,-695.08,446.91
1353,-1707.5,-1928.9
1354,-695.08,446.91
1355,-445.12,1250.2
1356,-445.12,1250.2
1357,-445.12,1250.2
1358,-957.71,2983.7
1359,-445.12,1250.2
1360,-695.08,446.91
1361,-2025.5,607.73
1362,-445.12,1250.2
1363,-445.12,1250.2
1364,-695.08,446.91
1365,-2054,-465.74
1366,-2025.5,607.73
1367,-2054,-465.74
1368,-445.12,1250.2
1369,-1212.1,361.94
1370,-2054,-465.74
1371,-445.12,1250.2
1372,-695.08,446.91
1373,-2054,-465.74
1374,-445.12,1250.2
1375,-1571.1,2601.4
1376,-957.71,2983.7
1377,-695.08,446.91
1378,-695.08,446.91
1379,-445.12,1250.2
1380,843.9,766.83
1381,-2941.8,-922.1
1382,-1571.1,2601.4
1383,-2025.5,607.73
1384,-846.24,1230.3
1385,-695.08,446.91
1386,1001.5,-579.46
1387,-445.12,1250.2
1388,-445.12,1250.2
1389,-2510,1630
1390,-695.08,446.91
1391,-959.94,-1092.6
1392,-846.24,1230.3
1393,853.46,-2522.5
1394,-445.12,1250.2
1395,1001.5,-579.46
1396,-2025.5,607.73
1397,-957.71,2983.7
1398,-445.12,1250.2
1399,-2025.5,607.73
1400,-695.08,446.91
1401,1001.5,-579.46
1402,-2795.2,-2462
1403,-445.12,1250.2
1404,-2025.5,607.73
1405,-445.12,1250.2
1406,-2025.5,607.73
1407,-695.08,446.91
1408,-846.24,1230.3
1409,743.99,328.2
1410,-1188.2,1164.2
1411,-2054,-465.74
1412,-445.12,1250.2
1413,-1571.1,2601.4
1414,1001.5,-579.46
1415,1001.5,-579.46
1416,-1523.1,-2754.1
1417,1001.5,-579.46
1418,1001.5,-579.46
1419,1564.2,414.35
1420,1564.2,414.35
1421,1564.2,414.35
1422,1564.2,414.35
1423,853.46,-2522.5
1424,-2054,-465.74
1425,-2054,-465.74
1426,1001.5,-579.46
1427,743.99,328.2
1428,-846.24,1230.3
1429,853.46,-2522.5
1430,1001.5,-579.46
1431,-1188.2,1164.2
1432,-695.08,446.91
1433,1564.2,414.35
1434,743.99,328.2
1435,-2025.5,607.73
1436,743.99,328.2
1437,-1188.2,1164.2
1438,743.99,328.2
1439,1001.5,-579.46
1440,1502.8,168.24
1441,-2054,-465.74
1442,1868.4,-1518.7
1443,743.99,328.2
1444,843.9,766.83
1445,743.99,328.2
1446,-2054,-465.74
1447,-695.08,446.91
1448,1001.5,-579.46
1449,-445.12,1250.2
1450,962.71,-3669.4
1451,1001.5,-579.46
1452,1001.5,-579.46
1453,1001.5,-579.46
1454,1001.5,-579.46
1455,1001.5,-579.46
1456,1001.5,-579.46
1457,1001.5,-579.46
1458,1001.5,-579.46
1459,1001.5,-579.46
1460,743.99,328.2
1461,743.99,328.2
1462,843.9,766.83
1463,1001.5,-579.46
1464,843.9,766.83
1465,1001.5,-579.46
1466,843.9,766.83
1467,-2510,1630
1468,1001.5,-579.46
1469,843.9,766.83
1470,1001.5,-579.46
1471,743.99,328.2
1472,743.99,328.2
1473,743.99,328.2
1474,843.9,766.83
1475,1502.8,168.24
1476,843.9,766.83
1477,1001.5,-579.46
1478,743.99,328.2
1479,1001.5,-579.46
1480,1001.5,-579.46
1481,843.9,766.83
1482,1001.5,-579.46
1483,743.99,328.2
1484,743.99,328.2
1485,1001.5,-579.46
1486,743.99,328.2
1487,843.9,766.83
1488,743.99,328.2
1489,-2025.5,607.73
1490,843.9,766.83
1491,743.99,328.2
1492,843.9,766.83
1493,843.9,766.83
1494,843.9,766.83
1495,843.9,766.83
1496,743.99,328.2
1497,843.9,766.83
1498,853.46,-2522.5
1499,1868.4,-1518.7
1500,843.9,766.83
1501,743.99,328.2
1502,743.99,328.2
1503,1001.5,-579.46
1504,843.9,766.83
1505,743.99,328.2
1506,743.99,328.2
1507,1868.4,-1518.7
1508,853.46,-2522.5
1509,853.46,-2522.5
1510,743.99,328.2
1511,1868.4,-1518.7
1512,743.99,328.2
1513,853.46,-2522.5
1514,962.71,-3669.4
1515,843.9,766.83
1516,-2025.5,607.73
1517,843.9,766.83
1518,743.99,328.2
1519,853.46,-2522.5
1520,853.46,-2522.5
1521,962.71,-3669.4
1522,743.99,328.2
1523,853.46,-2522.5
1524,853.46,-2522.5
1525,843.9,766.83
1526,843.9,766.83
1527,1001.5,-579.46
1528,1868.4,-1518.7
1529,843.9,766.83
1530,-2054,-465.74
1531,962.71,-3669.4
1532,843.9,766.83
1533,962.71,-3669.4
1534,843.9,766.83
1535,843.9,766.83
1536,843.9,766.83
1537,1001.5,-579.46
1538,853.46,-2522.5
1539,1868.4,-1518.7
1540,1001.5,-579.46
1541,853.46,-2522.5
1542,1868.4,-1518.7
1543,1001.5,-579.46
1544,843.9,766.83
1545,962.71,-3669.4
1546,-2054,-465.74
1547,1001.5,-579.46
1548,853.46,-2522.5
1549,1868.4,-1518.7
1550,843.9,766.83
1551,1001.5,-579.46
1552,1001.5,-579.46
1553,1001.5,-579.46
1554,843.9,766.83
1555,1001.5,-579.46
1556,1868.4,-1518.7
1557,1001.5,-579.46
1558,1868.4,-1518.7
1559,1868.4,-1518.7
1560,1001.5,-579.46
1561,843.9,766.83
1562,962.71,-3669.4
1563,1001.5,-579.46
1564,1001.5,-579.46
1565,1868.4,-1518.7
1566,962.71,-3669.4
1567,1868.4,-1518.7
1568,962.71,-3669.4
1569,1868.4,-1518.7
1570,1001.5,-579.46
1571,1868.4,-1518.7
1572,962.71,-3669.4
1573,853.46,-2522.5
1574,1001.5,-579.46
1575,962.71,-3669.4
1576,962.71,-3669.4
1577,853.46,-2522.5
1578,962.71,-3669.4
1579,962.71,-3669.4
1580,1868.4,-1518.7
1581,962.71,-3669.4
1582,962.71,-3669.4
1583,1868.4,-1518.7
1584,1001.5,-579.46
1585,1868.4,-1518.7
1586,853.46,-2522.5
1587,853.46,-2522.5
1588,1868.4,-1518.7
1589,1868.4,-1518.7
1590,1001.5,-579.46
1591,1868.4,-1518.7
1592,962.71,-3669.4
1593,962.71,-3669.4
1594,853.46,-2522.5
1595,853.46,-2522.5
1596,962.71,-3669.4
1597,2638.4,-2002
1598,962.71,-3669.4
1599,843.9,766.83
1600,853.46,-2522.5
1601,853.46,-2522.5
1602,853.46,-2522.5
1603,962.71,-3669.4
1604,843.9,766.83
1605,962.71,-3669.4
1606,962.71,-3669.4
1607,962.71,-3669.4
1608,853.46,-2522.5
1609,1564.2,414.35
1610,1001.5,-579.46
1611,962.71,-3669.4
1612,962.71,-3669.4
1613,2159.2,422.31
1614,843.9,766.83
1615,1868.4,-1518.7
1616,962.71,-3669.4
1617,1564.2,414.35
1618,1001.5,-579.46
1619,1502.8,168.24
1620,1868.4,-1518.7
1621,1868.4,-1518.7
1622,962.71,-3669.4
1623,1502.8,168.24
1624,962.71,-3669.4
1625,1001.5,-579.46
1626,962.71,-3669.4
1627,853.46,-2522.5
1628,1001.5,-579.46
1629,962.71,-3669.4
1630,1868.4,-1518.7
1631,962.71,-3669.4
1632,1564.2,414.35
1633,962.71,-3669.4
1634,1564.2,414.35
1635,-2025.5,607.73
1636,853.46,-2522.5
1637,1868.4,-1518.7
1638,962.71,-3669.4
1639,1502.8,168.24
1640,1502.8,168.24
1641,1564.2,414.35
1642,962.71,-3669.4
1643,962.71,-3669.4
1644,1502.8,168.24
1645,1001.5,-579.46
1646,1001.5,-579.46
1647,1001.5,-579.46
1648,1001.5,-579.46
1649,1502.8,168.24
1650,1502.8,168.24
1651,1502.8,168.24
1652,1564.2,414.35
1653,1564.2,414.35
1654,1868.4,-1518.7
1655,1564.2,414.35
1656,853.46,-2522.5
1657,1564.2,414.35
1658,1564.2,414.35
1659,1001.5,-579.46
1660,853.46,-2522.5
1661,1502.8,168.24
1662,853.46,-2522.5
1663,1502.8,168.24
1664,853.46,-2522.5
1665,1502.8,168.24
1666,853.46,-2522.5
1667,1564.2,414.35
1668,1502.8,168.24
1669,1502.8,168.24
1670,853.46,-2522.5
1671,1502.8,168.24
1672,1001.5,-579.46
1673,1502.8,168.24
1674,1001.5,-579.46
1675,1868.4,-1518.7
1676,1502.8,168.24
1677,853.46,-2522.5
1678,1001.5,-579.46
1679,5270.6,870.48
1680,1502.8,168.24
1681,853.46,-2522.5
1682,1868.4,-1518.7
1683,853.46,-2522.5
1684,1502.8,168.24
1685,1564.2,414.35
1686,1564.2,414.35
1687,1001.5,-579.46
1688,1502.8,168.24
1689,1502.8,168.24
1690,1001.5,-579.46
1691,1502.8,168.24
1692,1868.4,-1518.7
1693,1001.5,-579.46
1694,3903.9,495.26
1695,1868.4,-1518.7
1696,1502.8,168.24
1697,2393,-2591.9
1698,1502.8,168.24
1699,1868.4,-1518.7
1700,1868.4,-1518.7
1701,853.46,-2522.5
1702,5270.6,870.48
1703,853.46,-2522.5
1704,1502.8,168.24
1705,1502.8,168.24
1706,1564.2,414.35
1707,853.46,-2522.5
1708,1564.2,414.35
1709,1502.8,168.24
1710,1564.2,414.35
1711,1564.2,414.35
1712,1564.2,414.35
1713,1868.4,-1518.7
1714,1502.8,168.24
1715,1502.8,168.24
1716,1502.8,168.24
1717,1868.4,-1518.7
1718,1502.8,168.24
1719,1868.4,-1518.7
1720,1502.8,168.24
1721,853.46,-2522.5
1722,1868.4,-1518.7
1723,3903.9,495.26
1724,5270.6,870.48
1725,1564.2,414.35
1726,1564.2,414.35
1727,1868.4,-1518.7
1728,2159.2,422.31
1729,5270.6,870.48
1730,5270.6,870.48
1731,5270.6,870.48
1732,2579.6,-1250.9
1733,1502.8,168.24
1734,853.46,-2522.5
1735,1564.2,414.35
1736,2393,-2591.9
1737,1502.8,168.24
1738,1564.2,414.35
1739,1502.8,168.24
1740,853.46,-2522.5
1741,5270.6,870.48
1742,1502.8,168.24
1743,1868.4,-1518.7
1744,1868.4,-1518.7
1745,1868.4,-1518.7
1746,5270.6,870.48
1747,2638.4,-2002
1748,1502.8,168.24
1749,3903.9,495.26
1750,1868.4,-1518.7
1751,1502.8,168.24
1752,1868.4,-1518.7
1753,1868.4,-1518.7
1754,1868.4,-1518.7
1755,5270.6,870.48
1756,2159.2,422.31
1757,1868.4,-1518.7
1758,1502.8,168.24
1759,5270.6,870.48
1760,5270.6,870.48
1761,1564.2,414.35
1762,5270.6,870.48
1763,2393,-2591.9
1764,853.46,-2522.5
1765,1868.4,-1518.7
1766,1502.8,168.24
1767,1564.2,414.35
1768,2159.2,422.31
1769,1564.2,414.35
1770,2393,-2591.9
1771,1001.5,-579.46
1772,1502.8,168.24
1773,853.46,-2522.5
1774,1564.2,414.35
1775,2393,-2591.9
1776,5270.6,870.48
1777,2159.2,422.31
1778,1868.4,-1518.7
1779,2159.2,422.31
1780,1868.4,-1518.7
1781,2159.2,422.31
1782,5270.6,870.48
1783,1564.2,414.35
1784,1001.5,-579.46
1785,1502.8,168.24
1786,5270.6,870.48
1787,1868.4,-1518.7
1788,5270.6,870.48
1789,1502.8,168.24
1790,2159.2,422.31
1791,1868.4,-1518.7
1792,1564.2,414.35
1793,1502.8,168.24
1794,2638.4,-2002
1795,3903.9,495.26
1796,1868.4,-1518.7
1797,2638.4,-2002
1798,1502.8,168.24
1799,5270.6,870.48
1800,1502.8,168.24
1801,2393,-2591.9
1802,1564.2,414.35
1803,2159.2,422.31
1804,3903.9,495.26
1805,1502.8,168.24
1806,5270.6,870.48
1807,2579.6,-1250.9
1808,2393,-2591.9
1809,2393,-2591.9
1810,5270.6,870.48
1811,2638.4,-2002
1812,1868.4,-1518.7
1813,2159.2,422.31
1814,2159.2,422.31
1815,2579.6,-1250.9
1816,1868.4,-1518.7
1817,2159.2,422.31
1818,1502.8,168.24
1819,2159.2,422.31
1820,2159.2,422.31
1821,2159.2,422.31
1822,1868.4,-1518.7
1823,1868.4,-1518.7
1824,2393,-2591.9
1825,2638.4,-2002
1826,1868.4,-1518.7
1827,2393,-2591.9
1828,5270.6,870.48
1829,-2025.5,607.73
1830,2159.2,422.31
1831,2393,-2591.9
1832,2579.6,-1250.9
1833,5270.6,870.48
1834,1868.4,-1518.7
1835,2459.1,-1453.2
1836,2159.2,422.31
1837,1502.8,168.24
1838,2393,-2591.9
1839,1868.4,-1518.7
1840,1868.4,-1518.7
1841,1868.4,-1518.7
1842,2393,-2591.9
1843,2393,-2591.9
1844,2638.4,-2002
1845,2159.2,422.31
1846,2393,-2591.9
1847,2393,-2591.9
1848,2393,-2591.9
1849,2393,-2591.9
1850,2159.2,422.31
1851,1868.4,-1518.7
1852,1564.2,414.35
1853,1868.4,-1518.7
1854,1868.4,-1518.7
1855,2159.2,422.31
1856,3903.9,495.26
1857,2393,-2591.9
1858,2393,-2591.9
1859,5270.6,870.48
1860,2159.2,422.31
1861,2159.2,422.31
1862,2393,-2591.9
1863,2159.2,422.31
1864,1868.4,-1518.7
1865,2159.2,422.31
1866,2393,-2591.9
1867,2393,-2591.9
1868,5270.6,870.48
1869,1868.4,-1518.7
1870,2159.2,422.31
1871,2393,-2591.9
1872,2638.4,-2002
1873,2393,-2591.9
1874,2393,-2591.9
1875,1868.4,-1518.7
1876,2393,-2591.9
1877,2159.2,422.31
1878,2393,-2591.9
1879,2638.4,-2002
1880,-2025.5,607.73
1881,2393,-2591.9
1882,1502.8,168.24
1883,2159.2,422.31
1884,2159.2,422.31
1885,1868.4,-1518.7
1886,5270.6,870.48
1887,1868.4,-1518.7
1888,1868.4,-1518.7
1889,1868.4,-1518.7
1890,2393,-2591.9
1891,2393,-2591.9
1892,2159.2,422.31
1893,1868.4,-1518.7
1894,2393,-2591.9
1895,5270.6,870.48
1896,2638.4,-2002
1897,1868.4,-1518.7
1898,2579.6,-1250.9
1899,2579.6,-1250.9
1900,2638.4,-2002
1901,2393,-2591.9
1902,2159.2,422.31
1903,2159.2,422.31
1904,853.46,-2522.5
1905,2393,-2591.9
1906,2393,-2591.9
1907,2579.6,-1250.9
1908,5270.6,870.48
1909,2159.2,422.31
1910,1868.4,-1518.7
1911,2459.1,-1453.2
1912,1868.4,-1518.7
1913,3903.9,495.26
1914,2638.4,-2002
1915,2393,-2591.9
1916,2393,-2591.9
1917,2579.6,-1250.9
1918,1868.4,-1518.7
1919,2579.6,-1250.9
1920,2159.2,422.31
1921,1502.8,168.24
1922,2638.4,-2002
1923,2159.2,422.31
1924,1868.4,-1518.7
1925,2393,-2591.9
1926,1868.4,-1518.7
1927,2638.4,-2002
1928,2159.2,422.31
1929,1868.4,-1518.7
1930,2459.1,-1453.2
1931,5270.6,870.48
1932,1868.4,-1518.7
1933,2579.6,-1250.9
1934,5270.6,870.48
1935,1564.2,414.35
1936,2159.2,422.31
1937,1868.4,-1518.7
1938,2638.4,-2002
1939,1868.4,-1518.7
1940,1868.4,-1518.7
1941,1868.4,-1518.7
1942,1868.4,-1518.7
1943,2159.2,422.31
1944,1868.4,-1518.7
1945,2459.1,-1453.2
1946,5270.6,870.48
1947,2159.2,422.31
1948,2459.1,-1453.2
1949,2459.1,-1453.2
1950,2638.4,-2002
1951,1868.4,-1518.7
1952,1868.4,-1518.7
1953,2393,-2591.9
1954,2159.2,422.31
1955,1868.4,-1518.7
1956,2638.4,-2002
1957,2393,-2591.9
1958,2393,-2591.9
1959,5270.6,870.48
1960,2393,-2591.9
1961,2393,-2591.9
1962,2579.6,-1250.9
1963,2459.1,-1453.2
1964,2393,-2591.9
1965,2393,-2591.9
1966,2393,-2591.9
1967,1868.4,-1518.7
1968,2159.2,422.31
1969,2393,-2591.9
1970,2393,-2591.9
1971,2159.2,422.31
1972,2393,-2591.9
1973,2159.2,422.31
1974,5270.6,870.48
1975,2459.1,-1453.2
1976,2459.1,-1453.2
1977,1868.4,-1518.7
1978,2159.2,422.31
1979,2393,-2591.9
1980,2393,-2591.9
1981,3903.9,495.26
1982,1868.4,-1518.7
1983,2393,-2591.9
1984,2638.4,-2002
1985,2579.6,-1250.9
1986,2579.6,-1250.9
1987,1868.4,-1518.7
1988,2459.1,-1453.2
1989,2159.2,422.31
1990,2159.2,422.31
1991,3903.9,495.26
1992,2638.4,-2002
1993,2159.2,422.31
1994,3903.9,495.26
1995,5270.6,870.48
1996,2459.1,-1453.2
1997,1868.4,-1518.7
1998,2579.6,-1250.9
1999,2459.1,-1453.2
2000,2393,-2591.9
2001,2393,-2591.9
2002,1868.4,-1518.7
2003,2459.1,-1453.2
2004,-2025.5,607.73
2005,2579.6,-1250.9
2006,2159.2,422.31
2007,2393,-2591.9
2008,2159.2,422.31
2009,2393,-2591.9
2010,2393,-2591.9
2011,2393,-2591.9
2012,2459.1,-1453.2
2013,2459.1,-1453.2
2014,2638.4,-2002
2015,5270.6,870.48
2016,2579.6,-1250.9
2017,2459.1,-1453.2
2018,2459.1,-1453.2
2019,2579.6,-1250.9
2020,2459.1,-1453.2
2021,2393,-2591.9
2022,2393,-2591.9
2023,2579.6,-1250.9
2024,2459.1,-1453.2
2025,2638.4,-2002
2026,2459.1,-1453.2
2027,2459.1,-1453.2
2028,2459.1,-1453.2
2029,-2025.5,607.73
2030,2459.1,-1453.2
2031,-2025.5,607.73
2032,2638.4,-2002
2033,2459.1,-1453.2
2034,2579.6,-1250.9
2035,2579.6,-1250.9
2036,2638.4,-2002
2037,2459.1,-1453.2
2038,2393,-2591.9
2039,2459.1,-1453.2
2040,2579.6,-1250.9
2041,2393,-2591.9
2042,2459.1,-1453.2
2043,-2025.5,607.73
2044,2459.1,-1453.2
2045,2638.4,-2002
2046,2393,-2591.9
2047,2393,-2591.9
2048,3903.9,495.26
2049,2459.1,-1453.2
2050,-2025.5,607.73
2051,2579.6,-1250.9
2052,2459.1,-1453.2
2053,-2025.5,607.73
2054,3903.9,495.26
2055,2638.4,-2002
2056,-2025.5,607.73
2057,2579.6,-1250.9
2058,2459.1,-1453.2
2059,2459.1,-1453.2
2060,2579.6,-1250.9
2061,2638.4,-2002
2062,2579.6,-1250.9
2063,2393,-2591.9
2064,2579.6,-1250.9
2065,2579.6,-1250.9
2066,2579.6,-1250.9
2067,2579.6,-1250.9
2068,-2025.5,607.73
2069,2459.1,-1453.2
2070,2579.6,-1250.9
2071,2459.1,-1453.2
2072,2579.6,-1250.9
2073,5270.6,870.48
2074,2579.6,-1250.9
2075,5270.6,870.48
2076,2459.1,-1453.2
2077,-2025.5,607.73
2078,2638.4,-2002
2079,3903.9,495.26
2080,2579.6,-1250.9
2081,2638.4,-2002
2082,2638.4,-2002
2083,2159.2,422.31
2084,2579.6,-1250.9
2085,2638.4,-2002
2086,2638.4,-2002
2087,2579.6,-1250.9
2088,2579.6,-1250.9
2089,2579.6,-1250.9
2090,2638.4,-2002
2091,2638.4,-2002
2092,2638.4,-2002
2093,2459.1,-1453.2
2094,2638.4,-2002
2095,2638.4,-2002
2096,2638.4,-2002
2097,2579.6,-1250.9
2098,2579.6,-1250.9
2099,2579.6,-1250.9
2100,2579.6,-1250.9
2101,2459.1,-1453.2
2102,3903.9,495.26
2103,3903.9,495.26
2104,2579.6,-1250.9
2105,2459.1,-1453.2
2106,2579.6,-1250.9
2107,2638.4,-2002
2108,-2025.5,607.73
2109,2579.6,-1250.9
2110,2579.6,-1250.9
2111,3903.9,495.26
2112,2579.6,-1250.9
2113,3903.9,495.26
2114,2579.6,-1250.9
2115,3903.9,495.26
2116,2459.1,-1453.2
2117,-2025.5,607.73
2118,3903.9,495.26
2119,5270.6,870.48
2120,1868.4,-1518.7
2121,1868.4,-1518.7
2122,-2025.5,607.73
2123,3903.9,495.26
2124,2638.4,-2002
2125,3903.9,495.26
2126,2459.1,-1453.2
2127,-2025.5,607.73
2128,2159.2,422.31
2129,2579.6,-1250.9
2130,2638.4,-2002
2131,2638.4,-2002
2132,3903.9,495.26
2133,2459.1,-1453.2
2134,2459.1,-1453.2
2135,1868.4,-1518.7
2136,1868.4,-1518.7
2137,2579.6,-1250.9
2138,2638.4,-2002
2139,2159.2,422.31
2140,2579.6,-1250.9
2141,3903.9,495.26
2142,2459.1,-1453.2
2143,1868.4,-1518.7
2144,2579.6,-1250.9
2145,2579.6,-1250.9
2146,2459.1,-1453.2
2147,2579.6,-1250.9
2148,2579.6,-1250.9
2149,2579.6,-1250.9
2150,2638.4,-2002
2151,2579.6,-1250.9
2152,3903.9,495.26
2153,2579.6,-1250.9
2154,2459.1,-1453.2
2155,3903.9,495.26